{"cameraMode":{"drawMode":0,"name":"Shaded","section":"Shading Mode"},"sceneLighting":false,"audioPlay":false,"sceneViewState":{"showFog":true,"showMaterialUpdate":false,"showSkybox":false,"showFlares":true,"showImageEffects":true,"showParticleSystems":true},"in2DMode":false,"pivot":{"x":-0.006492137908935547,"y":0.42942023277282717,"z":0.00006961822509765625},"rotation":{"x":0.04101778194308281,"y":-0.13298995792865754,"z":0.005508763249963522,"w":0.9902529716491699},"size":4.4449992179870609,"orthographic":true}