{"cameraMode":{"drawMode":0,"name":"Shaded","section":"Shading Mode"},"sceneLighting":false,"audioPlay":false,"sceneViewState":{"showFog":true,"showMaterialUpdate":false,"showSkybox":false,"showFlares":true,"showImageEffects":true,"showParticleSystems":true},"in2DMode":false,"pivot":{"x":0.5806147456169128,"y":0.993626058101654,"z":0.31324315071105959},"rotation":{"x":0.19393739104270936,"y":-0.78477942943573,"z":0.3007807731628418,"w":0.5060068368911743},"size":3.9359018802642824,"orthographic":true}